Title,URL,Sources from Dan,Series,@Qrfile
John Jay,http://g.cca.li/1027,http://www.oyez.org/justices/john_jay,1027,httpgccali1027.jpg
James Iredell,http://g.cca.li/1028,http://www.oyez.org/justices/james_iredell,1028,httpgccali1028.jpg
John Rutledge,http://g.cca.li/1029,http://www.oyez.org/justices/John_Rutledge,1029,httpgccali1029.jpg
Oliver Ellsworth,http://g.cca.li/1030,http://www.oyez.org/justices/Oliver_Ellsworth,1030,httpgccali1030.jpg
John Marshall,http://g.cca.li/1031,http://www.oyez.org/justices/John_Marshall,1031,httpgccali1031.jpg
Joseph Story,http://g.cca.li/1032,http://www.oyez.org/justices/Joseph_Story,1032,httpgccali1032.jpg
Roger B. Taney,http://g.cca.li/1033,http://www.oyez.org/justices/Roger_B_Taney,1033,httpgccali1033.jpg
Stephen Johnson Field,http://g.cca.li/1034,http://www.oyez.org/justices/Stephen_J_Field,1034,httpgccali1034.jpg
Salmon P. Chase,http://g.cca.li/1035,http://www.oyez.org/justices/Salmon_P_Chase,1035,httpgccali1035.jpg
Joseph P. Bradley,http://g.cca.li/1036,http://www.oyez.org/justices/Joseph_P_Bradley,1036,httpgccali1036.jpg
Morrison Waite,http://g.cca.li/1037,http://www.oyez.org/justices/morrison_r_waite,1037,httpgccali1037.jpg
John Marshall Harlan,http://g.cca.li/1038,http://www.oyez.org/justices/John_M_Harlan,1038,httpgccali1038.jpg
Melville Fuller,http://g.cca.li/1039,http://www.oyez.org/justices/melville_w_fuller,1039,httpgccali1039.jpg
Rufus Wheeler Peckham,http://g.cca.li/1040,http://www.oyez.org/justices/rufus_peckham,1040,httpgccali1040.jpg
"Oliver Wendell Holmes, Jr.",http://g.cca.li/1041,http://www.oyez.org/justices/oliver_w_holmes_jr,1041,httpgccali1041.jpg
Edward Douglass White,http://g.cca.li/1042,http://www.oyez.org/justices/Edward_D_White,1042,httpgccali1042.jpg
Louis Brandeis,http://g.cca.li/1043,http://www.oyez.org/justices/louis_d_brandeis,1043,httpgccali1043.jpg
William Howard Taft,http://g.cca.li/1044,http://www.oyez.org/justices/william_howard_taft,1044,httpgccali1044.jpg
Charles Evans Hughes,http://g.cca.li/1045,http://www.oyez.org/justices/Charles_E_Hughes,1045,httpgccali1045.jpg
Benjamin N. Cardozo,http://g.cca.li/1046,http://www.oyez.org/justices/Benjamin_N_Cardozo,1046,httpgccali1046.jpg
Hugo Black,http://g.cca.li/1047,http://www.oyez.org/justices/hugo_l_black,1047,httpgccali1047.jpg
Felix Frankfurter,http://g.cca.li/1048,http://www.oyez.org/justices/Felix_Frankfurter,1048,httpgccali1048.jpg
William O. Douglas,http://g.cca.li/1049,http://www.oyez.org/justices/William_O_Douglas,1049,httpgccali1049.jpg
Harlan F. Stone,http://g.cca.li/1050,http://www.oyez.org/justices/harlan_fiske_stone,1050,httpgccali1050.jpg
Robert H. Jackson,http://g.cca.li/1051,http://www.oyez.org/justices/Robert_H_Jackson,1051,httpgccali1051.jpg
Fred M. Vinson,http://g.cca.li/1052,http://www.oyez.org/justices/Fred_M_Vinson,1052,httpgccali1052.jpg
Earl Warren,http://g.cca.li/1053,http://www.oyez.org/justices/Earl_Warren,1053,httpgccali1053.jpg
John Marshall Harlan II,http://g.cca.li/1054,http://www.oyez.org/justices/john_m_harlan2,1054,httpgccali1054.jpg
"William J. Brennan, Jr.",http://g.cca.li/1055,http://www.oyez.org/justices/William_J_Brennan_Jr,1055,httpgccali1055.jpg
Thurgood Marshall,http://g.cca.li/1056,http://www.oyez.org/justices/Thurgood_Marshall,1056,httpgccali1056.jpg
Warren E. Burger,http://g.cca.li/1057,http://www.oyez.org/justices/Warren_E_Burger,1057,httpgccali1057.jpg
Harry Blackmun,http://g.cca.li/1058,http://www.oyez.org/justices/harry_a_blackmun,1058,httpgccali1058.jpg
John Paul Stevens,http://g.cca.li/1059,http://www.oyez.org/justices/John_Paul_Stevens,1059,httpgccali1059.jpg
Sandra Day O'Connor,http://g.cca.li/1060,http://www.oyez.org/justices/sandra_day_oconnor,1060,httpgccali1060.jpg
Antonin Scalia,http://g.cca.li/1061,http://www.oyez.org/justices/Antonin_Scalia,1061,httpgccali1061.jpg
William Rehnquist,http://g.cca.li/1062,http://www.oyez.org/justices/william_h_rehnquist,1062,httpgccali1062.jpg
Anthony Kennedy,http://g.cca.li/1063,http://www.oyez.org/justices/anthony_m_kennedy,1063,httpgccali1063.jpg
Clarence Thomas,http://g.cca.li/1064,http://www.oyez.org/justices/Clarence_Thomas,1064,httpgccali1064.jpg
Ruth Bader Ginsburg,http://g.cca.li/1065,http://www.oyez.org/justices/Ruth_Bader_Ginsburg,1065,httpgccali1065.jpg
Stephen Breyer,http://g.cca.li/1066,http://www.oyez.org/justices/stephen_g_breyer,1066,httpgccali1066.jpg
John G. Roberts,http://g.cca.li/1067,http://www.oyez.org/justices/john_g_roberts_jr,1067,httpgccali1067.jpg
Samuel Alito,http://g.cca.li/1068,http://www.oyez.org/justices/samuel_alito_jr,1068,httpgccali1068.jpg
Sonia Sotomayor,http://g.cca.li/1069,http://www.oyez.org/justices/Sonia_Sotomayor,1069,httpgccali1069.jpg
Elena Kagan,http://g.cca.li/1070,http://www.oyez.org/justices/Elena_Kagan,1070,httpgccali1070.jpg
